<?xml version="1.0" encoding="UTF-8"?>
<!DOCTYPE suite SYSTEM "https://testng.org/testng-1.0.dtd">
<suite name="Suite">
<listeners>
<listener class-name="Automation.Full_Scortik.Listeners"/>
</listeners>
  <test thread-count="5" name=" Login Test">
    <classes>
      
      <class name="Automation.Full_Scortik.ValidLogin"/>
       
      
    </classes>
    </test>
     <test thread-count="5" name=" Invalid login Test">
    <classes>
      
       <class name="Automation.Full_Scortik.InvalidLogin"/>
      
    </classes>
  </test> <!-- Test -->
</suite> <!-- Suite -->
